BranchId,Branchname,Branchaddress,Branchmail
1,Lailunggi,768 Myrtle Drive,Annabelle.Kutch1@example.com
2,Bajo,426 Ruskin Plaza,Allene.Reichert@example.net
3,Meipu,9558 Mitchell Court,General47@example.net
4,Baki,627 Weeping Birch Way,Kolby.Pagac@example.com
5,Slawharad,8031 Melby Plaza,Cynthia_Reichert@example.net
6,Ngawi,564 Sunbrook Street,Ernestina7@example.net
7,Ramalhal,49 Cherokee Way,Trever22@example.org
8,Nong Phai,5732 Sutteridge Circle,Grover6@example.com
9,Tatariv,3 Hagan Trail,Gertrude_Schuster76@example.com
10,Cungking,567 Starling Alley,Earl.Okuneva@example.org
11,Zaki Biam,436 Marquette Court,Jayne10@example.com
12,Lp V,35835 Raven Pass,Arvel85@example.com
13,Los Frentones,06 Killdeer Trail,Saige_Ebert@example.org
14,Pangnirtung,6850 South Plaza,Bria_DAmore27@example.com
15,Lanci Satu,232 Bunting Parkway,Adelia13@example.net
16,Zaozhuang,42 Lotheville Terrace,Clotilde.Kautzer46@example.org
17,Xiayang,56898 Blackbird Park,Kenneth_Reilly18@example.net
18,Unio,62 Nancy Pass,Salvatore.Lynch6@example.net
19,Lembang,42703 Veith Circle,Michel74@example.com
20,Gteborg,18113 Fairview Center,Devin.Gorczany@example.net
21,Biecz,59 Steensland Lane,Joelle_Schneider@example.com
22,Muesanaik,02 International Court,Saige56@example.com
23,Washington,826 Vera Hill,Rhiannon_Ankunding13@example.net
24,Dushanbe,74929 Ilene Road,Arthur.Schowalter@example.com
25,Magdalena,10 Carey Alley,Kathryn_Schmeler@example.org
26,Yambrasbamba,296 Rieder Point,Rose_Volkman@example.net
27,Shanlian,35 Oak Valley Terrace,Bradford38@example.org
28,Shinkafe,9 Farmco Crossing,Kelley61@example.com
29,Shanmei,43053 Butternut Junction,Damion74@example.com
30,So Pedro,75 Rigney Alley,Simeon6@example.com
31,Stavanger,43447 Redwing Court,Green_Larson@example.net
32,Miami,6 Crownhardt Pass,Gaetano12@example.org
33,Swords,704 Caliangt Way,Gavin_OKon10@example.net
34,Fais,15 Spaight Junction,Moshe_Wintheiser@example.org
35,Shanting,978 Annamark Alley,Jarrell_Luettgen@example.org
36,Iwonicz-Zdrj,5 Village Green Trail,Theodore.Auer76@example.org
37,Oju,08 Dexter Junction,Reginald15@example.com
38,Zhaocun,5723 Kingsford Plaza,Nellie57@example.org
39,Buqeia,1473 Carioca Court,Hortense32@example.net
40,Guradog,8245 Pine View Circle,Arthur71@example.com
41,Sindangsari,562 Mifflin Crossing,Willa7@example.org
42,Moya,6 Acker Point,Janis_Thompson@example.com
43,Viline,8332 Delaware Circle,Nora.Kemmer45@example.net
44,Loufan,22 Washington Drive,Therese_OReilly@example.org
45,Arroyito,3 Eastwood Park,Albin.Barrows@example.com
46,Jimsar,28647 Harper Trail,Garrison_Barrows-Murphy88@example.com
47,Qingshan,7 Mariners Cove Alley,Ivory_Kuphal@example.com
48,Chlumec nad Cidlinou,1787 Scoville Parkway,Antonia_Cummings-Homenick94@example.org
49,Chuquitira,05993 Summer Ridge Circle,Delfina_Larson2@example.org
50,Yuanping,0 Comanche Trail,Providenci85@example.net
51,Likhobory,80625 Delaware Court,Sonya_Stroman62@example.org
52,Brumadinho,892 Jackson Parkway,Tanya.Tremblay29@example.net
53,Mississauga,5251 Comanche Court,Corbin_Gutkowski16@example.net
54,Ad Dawdim,77914 Sunbrook Crossing,Mekhi86@example.com
55,Caucete,4159 Bobwhite Point,Stephany_Bechtelar@example.net
56,Malinovoye Ozero,5524 Bluejay Pass,Jovany_Hackett86@example.org
57,Santa Cruz del Quich,1106 Montana Drive,Bernadine64@example.net
58,Saltsjbaden,997 Barby Center,Margaretta75@example.com
59,Tnsen,625 Superior Terrace,Kayden57@example.org
60,Takeshiken,02083 Riverside Pass,Leo.Tremblay43@example.org
61,Brakas,3712 Butternut Plaza,Buck.Cummings80@example.com
62,Cap Malheureux,44426 Hayes Place,Jayce.Kertzmann88@example.com
63,Non Sung,850 Scofield Plaza,Andrew_Collins@example.org
64,Sulk,03 Shoshone Pass,Salma0@example.com
65,Weitang,2 Morrow Court,Brown_Douglas@example.net
66,Zamoskvorechye,50 Daystar Crossing,Talon69@example.org
67,Trmice,95003 Dorton Parkway,Quinten.Thompson22@example.org
68,Hod HaSharon,26574 Lake View Junction,Randall92@example.org
69,Tanjungpecinan Utara,51841 Carberry Place,Berenice_Runolfsdottir@example.net
70,Elvas,38806 Dakota Street,Geovany10@example.net
71,Ban Khalld,80747 Summit Court,Laney79@example.net
72,Tkamachi,20514 Longview Street,Ashton_Nikolaus38@example.org
73,Xicun,1 Fulton Terrace,Ciara95@example.net
74,Bangolo,12 School Road,Ansley.Deckow4@example.net
75,Paran,6955 Center Court,Tobin_Rogahn@example.net
76,Lappajrvi,8788 Transport Parkway,Cierra_Bechtelar30@example.net
77,Sindangrasa,28129 Spenser Crossing,Luigi_Hirthe93@example.net
78,Duayaw Nkwanta,90 Maryland Drive,Josephine_Schinner@example.net
79,Krasnokamsk,437 Buena Vista Center,Patsy.Ritchie@example.net
80,Guogan,2 Tony Court,Christa.Skiles@example.net
81,Meipu,45250 Bunker Hill Parkway,Victor_Cormier95@example.net
82,La Celia,37304 Dorton Trail,Hassie.Klocko@example.com
83,Dst,688 Johnson Drive,Gladyce.Jacobs60@example.org
84,Yulao,914 Monica Place,Carley.Mills15@example.net
85,Florencio Varela,145 Gateway Place,Myrtie.Koss@example.org
86,Four Cross Roads,6 Gina Parkway,Clyde_Moore@example.com
87,Jingshan,7 Arrowood Way,Kariane_Bruen@example.net
88,Luwu,08 Linden Park,Fatima_Williamson62@example.com
89,Tegarenkrajan,081 Jenna Trail,Vincenzo_Hamill84@example.com
90,Ono,0 Raven Pass,Johanna_Botsford@example.com
91,Barbalha,9175 Northridge Court,Sigmund.Ratke24@example.net
92,Jieshan,99729 Mayer Point,Matt_Russel75@example.com
93,Kumo,87417 Maple Pass,Laurel.Cremin88@example.org
94,San Diego,304 Texas Circle,Albin96@example.org
95,Kempele,28430 Scott Court,Marilie98@example.com
96,Salavan,525 Chive Way,Dayana_Heller71@example.org
97,Devon,4 Moose Hill,Greg.Schowalter@example.net
98,Huachos,2 Huxley Drive,Luther3@example.org
99,Bakungan,11 Golf Crossing,Marietta28@example.org
100,Harian,625 Quincy Terrace,Edd2@example.net
101,Pniewy,23025 Carey Street,Whitney_Goldner13@example.org
102,Naji,99590 Maple Wood Pass,Hope.McGlynn55@example.com
103,Masvingo,363 Laurel Park,Kurtis96@example.org
104,Xiazhai,621 Anderson Road,Sunny64@example.org
105,Petiga,9 Acker Circle,Lillie_Rice@example.com
106,Hengxi,33 Judy Place,Raleigh83@example.org
107,Laojieji,043 Talmadge Junction,Kristoffer.Bergnaum99@example.net
108,Fuling,7 Randy Street,Maria1@example.net
109,Acacas,21126 Londonderry Alley,Brayan20@example.com
110,Halmstad,9 Carpenter Terrace,Eloy69@example.org
111,Dapuchaihe,2 Hauk Circle,Kelsi30@example.com
112,Jianghua,47 Grasskamp Avenue,Vivian_VonRueden20@example.org
113,Olginka,76 Towne Center,Ramona_Casper@example.com
114,Sankoutang,9998 Brentwood Avenue,Granville52@example.net
115,Qinghaihu,2 Warrior Pass,Hudson.Dickens25@example.com
116,Qifang,50 Pearson Way,Mattie96@example.net
117,Shilipu,652 Waywood Center,Ernie8@example.org
118,Cabcaben,5728 New Castle Place,Elinor69@example.com
119,Lionel Town,4 5th Drive,Betty69@example.com
120,Takeo,9836 Forest Dale Drive,Maci.Franey25@example.org
121,Podwilk,37772 Village Pass,Jessy.Reinger@example.com
122,Aradac,0 Dwight Plaza,Jay31@example.org
123,Obrera,7 Dottie Circle,Maymie.Gislason@example.net
124,Aylmer,9443 Northwestern Hill,Lauretta5@example.net
125,Pregrada,32301 Manley Way,Mozelle_Wintheiser0@example.com
126,Petrodvorets,1999 Mitchell Hill,Josiane98@example.net
127,Kstovo,502 Schiller Plaza,Freddie67@example.net
128,Nong Bua,69365 Dayton Circle,Stanton.Bogisich@example.org
129,Falun,01912 Orin Center,Ofelia22@example.net
130,Ogod,90 Sundown Court,Nick_Prosacco52@example.com
131,Marilao,516 Coolidge Terrace,Lenore.Schmeler4@example.org
132,Zhujiaqiao,59 Northwestern Drive,Anjali57@example.net
133,Centro Habana,5498 Utah Center,Jayme_Murray13@example.org
134,Pno Polemdia,41098 Transport Park,Earline89@example.org
135,Pilcuyo,28 Sundown Trail,Lenna.Luettgen@example.org
136,Verkhniy Landekh,71 Merry Park,Triston66@example.net
137,Sandefjord,8 Di Loreto Alley,Alverta_Hermiston@example.org
138,Xiaolukou,02273 Kings Street,Eugene.Feest93@example.net
139,Patos de Minas,05 Darwin Lane,Nicholaus_Schaden99@example.net
140,Xiyang,2316 Scofield Way,Lula_Koch@example.org
141,G Quao,7 Graedel Point,Ethelyn.Hahn@example.com
142,Baoshui,6507 Chinook Park,Alfonso62@example.net
143,Banjar Pangkungtibah Selatan,5765 Crescent Oaks Place,Zola.Jast97@example.org
144,Souto da Costa,6 Sachtjen Pass,Liliane23@example.org
145,Hollywood,4310 Ruskin Park,Name.Mohr@example.net
146,Loma Bonita,5117 Bonner Lane,Mellie_Cassin@example.net
147,Pasar,049 Crest Line Alley,Gussie_OConner46@example.net
148,Tando Muhammad Khn,266 Arizona Hill,Bryce44@example.net
149,Gaojia,7 Ridgeview Pass,Eryn_Kunze91@example.net
150,Voi,933 Kim Street,Meta_Abbott70@example.com
151,Zahedan,5 Birchwood Terrace,Eleonore_Rolfson@example.net
152,Kalmar,91 Arrowood Way,Darrick.Emard@example.org
153,Dassa-Zoum,858 Lerdahl Street,Bo.Wisozk@example.com
154,Kenscoff,40 Dapin Hill,Nico27@example.com
155,Itaituba,8258 Debra Park,Russell.Kassulke@example.com
156,Zaria,53 Meadow Vale Plaza,Ettie_Grant14@example.net
157,Praia das Mas,43000 Charing Cross Hill,Joelle_DAmore@example.com
158,Wgliniec,833 Ridgeview Hill,Emmanuelle_Kertzmann@example.net
159,Mineiros,63769 Moose Terrace,Yasmeen_Hayes84@example.org
160,Chlewiska,89 Vernon Crossing,Janiya4@example.org
161,Saint-tienne,17 Calypso Lane,Remington43@example.com
162,Huadian,88518 Arapahoe Parkway,Stefanie_Little@example.com
163,Bangbayang,190 Holy Cross Road,Ima_Herman-Little30@example.com
164,Ilek,3 Gateway Park,Tania.McCullough48@example.com
165,Bangbayang,57 Bluejay Circle,Bernard_Kemmer49@example.net
166,Sinubong,68 Warrior Circle,Joey.Mayert@example.org
167,Montluon,953 Brentwood Drive,Mauricio.Schamberger56@example.org
168,Tadabliro,76582 Southridge Court,Cletus_Romaguera37@example.com
169,Jiangzao,83 Montana Circle,Susie.Daniel49@example.net
170,Ennery,116 Express Parkway,Steve_Conn-Koepp@example.com
171,Alto de So Sebastio,5763 Oak Valley Junction,Elta17@example.net
172,Demb Dolo,007 Knutson Junction,Jewell_Blick92@example.org
173,Bauru,49 Sherman Way,Kameron_Gleichner@example.net
174,No Psychik,8 Holy Cross Trail,Lillian_Towne70@example.com
175,Taha Man Zu,9 Marquette Point,Jessika.Kohler14@example.net
176,Pio Duran,4 Acker Plaza,Cassie_Weber77@example.org
177,Chejiazhuang,928 Bay Pass,Oran.Gutmann80@example.org
178,Yangmiao,512 Veith Avenue,Erling.Rath@example.org
179,Vetrino,43753 Oakridge Point,Jackie.Bernhard@example.org
180,Rio Verde de Mato Grosso,019 Loftsgordon Junction,Rubye_Welch@example.com
181,Dimitrovgrad,738 Sutteridge Lane,Juliet.Vandervort0@example.net
182,Mengzhai,05536 East Avenue,Bridgette_Spinka18@example.net
183,Costeira do Pirajubae,76 Starling Street,Arnold.Zieme43@example.com
184,Voyutychi,173 Vera Court,Wilbert.Ferry77@example.net
185,Kuala Terengganu,33795 Del Sol Place,Giovanna5@example.net
186,Arroyito,38469 Pawling Trail,Jeffery2@example.net
187,Shanshu,4 Briar Crest Street,Devonte_Schumm-Schinner@example.net
188,Zhuli,36048 Warner Trail,Genevieve_Anderson@example.org
189,Az Zaytnyah,68 Chive Parkway,Eveline95@example.org
190,Gara,8 Novick Terrace,Shaniya67@example.com
191,Ayi Take,3458 Sherman Street,Hettie_Spinka@example.org
192,Salvador,23 Becker Crossing,Alyson_Howell83@example.com
193,Miersi,8 Mosinee Street,Drake.Gottlieb34@example.org
194,Geshan,155 Declaration Junction,Minnie25@example.org
195,Boca de Uchire,26576 Loftsgordon Terrace,Emmanuelle99@example.net
196,Dawwr Tnjah,3 Luster Park,Brody56@example.com
197,Iradan,07 Knutson Center,Alexzander.Ratke91@example.net
198,Lunsar,3472 Independence Alley,Bridget.Rowe22@example.com
199,Pinoma,68 Oxford Road,Whitney_Rath51@example.com
200,Barra do Bugres,757 Glacier Hill Parkway,Ressie.Labadie@example.net
201,Loikaw,40877 Cardinal Point,Katelynn25@example.net
202,Ipatinga,69 Starling Circle,Juvenal_Kuvalis@example.com
203,,5414 Rowland Road,Devonte_OConnell@example.net
204,Dobrich,46302 Union Plaza,Garth_Hackett@example.net
205,Limbi,83 Arapahoe Circle,Pauline28@example.net
206,Chongkan,0 Stang Avenue,Watson.Dicki44@example.org
207,Kubangkondang,571 Sachs Junction,Alexa.Will-Hand@example.org
208,Corqun,5 Alpine Place,Catherine_Stracke54@example.com
209,Sison,38648 Anthes Lane,Christop65@example.net
210,Reguengos de Monsaraz,00 Village Green Pass,Delbert60@example.com
211,Roissy Charles-de-Gaulle,65868 Summer Ridge Parkway,Micah8@example.com
212,Chichigalpa,9432 Mcbride Point,Roger27@example.net
213,Magisterial,1 Tomscot Lane,Max.Brakus@example.net
214,Poroshkovo,3693 Welch Street,Christ_Lind@example.org
215,Pak Phli,76 Arkansas Trail,Lyric_Nitzsche@example.org
216,Opatw,30354 Farragut Court,Dorthy8@example.org
217,Altares,6279 Petterle Street,Price.Conroy85@example.net
218,Kavli,1823 Waywood Avenue,Albert_Kuhlman@example.org
219,Cibeureum Kidul,773 Victoria Point,Maritza_Batz@example.org
220,Cikupa,70455 Longview Parkway,Ward97@example.org
221,Hvozdn,13245 Lotheville Circle,Cesar95@example.org
222,Longnan,7 Express Court,Piper.Dickinson@example.com
223,Muskegon,944 Killdeer Trail,Porter48@example.com
224,Krapyak Kidul,52041 Michigan Lane,Louvenia_West67@example.org
225,Paltamo,77 Bartillon Center,Camila62@example.net
226,Balung,3 Fisk Drive,Herminio_Roberts@example.com
227,Karangharjo,21208 Center Court,Zechariah_Howell@example.org
228,Carromeu,443 Nova Park,Dallin.Mosciski@example.net
229,Kembangan,76 West Street,Nico72@example.org
230,Blagnac,53857 Reindahl Park,Norbert77@example.net
231,Lingdong,2876 High Crossing Drive,Mike19@example.org
232,Cipeundeuy,99369 Westridge Terrace,Claudine.Goodwin@example.net
233,Feliciano,800 Schmedeman Circle,Sophia.Greenfelder@example.net
234,Nanyuki,03002 Rockefeller Junction,April45@example.net
235,Gucheng,861 1st Drive,Keaton_Hickle62@example.net
236,San Jose,3372 Heath Hill,Germaine_Kihn@example.org
237,Tr Mhr,176 Sommers Circle,Jeromy_Moen@example.com
238,Valinhos,2701 Grayhawk Point,Dawn.Quigley53@example.org
239,Larvik,97990 Surrey Avenue,Bradley_Will90@example.com
240,Huangqiang,8 School Plaza,Fae_Senger@example.org
241,Liuzhou,30430 Marquette Way,Jayden_Bergstrom@example.org
242,Mircze,46521 Londonderry Pass,Ava.West77@example.com
243,Sanpai,327 Banding Junction,Harrison_Herzog97@example.net
244,Naekan,3636 Miller Court,Dawson.Heathcote@example.com
245,Nakhon Ratchasima,4333 Steensland Way,Octavia82@example.com
246,Kisesa,17571 Kingsford Terrace,Yvonne_Wuckert50@example.org
247,Bendoroto,99 Pennsylvania Parkway,Georgianna92@example.org
248,Lewoeleng,7510 Sachtjen Crossing,Earl_Simonis-Rohan0@example.org
249,Hongqiao,59794 Grim Court,Cheyanne_Mosciski11@example.com
250,Sollebrunn,945 Debra Street,Eino_Gusikowski57@example.org
251,Pallasovka,172 Oakridge Place,Ernestine_Schowalter@example.org
252,Tuka,4837 Clarendon Alley,Justice.Langworth@example.com
253,Tangfang,11 Vera Drive,Kendrick69@example.com
254,Oinfyta,98 Vera Junction,Maribel21@example.org
255,Taiyang,8084 Mallard Plaza,Rodolfo_Bahringer29@example.net
256,Zhlobin,74 Porter Terrace,Daren_Mueller@example.net
257,Jurinci,551 Loeprich Crossing,Kade_Gusikowski@example.org
258,Banjar Batuaji Kaja,17 Montana Parkway,Gardner_Mohr30@example.org
259,Lisiy Nos,8 Dahle Street,Antone_Cartwright24@example.com
260,Svyatogorsk,099 Clove Lane,Toni20@example.org
261,Grenoble,25 Hanson Circle,Ona18@example.net
262,Suita,35 Village Green Way,Gregoria74@example.com
263,Sakaraha,6 Del Mar Parkway,Darrin.Kuvalis@example.org
264,Huayuan,0673 Dottie Crossing,Berniece_Schneider8@example.net
265,El Espino,0338 Karstens Plaza,Devon_Langosh@example.net
266,Hongsi,382 Oak Hill,Casey_Boyer@example.org
267,Enrekang,02760 Sunbrook Circle,Lester31@example.org
268,Dorval,87625 Southridge Avenue,Octavia98@example.com
269,Aghavnadzor,704 Johnson Circle,Pat41@example.org
270,Libice,1051 Briar Crest Park,Liza54@example.com
271,Pereslavl-Zalesskiy,6586 Hudson Court,Jody14@example.com
272,Zhangjiaji,5314 Pond Junction,Matilda.Frami82@example.net
273,Ilembula,39 Starling Parkway,Calista_OReilly63@example.com
274,Minanga Norte,6989 Basil Junction,Eli_Langworth8@example.com
275,Ratchaburi,703 Valley Edge Crossing,Cora32@example.com
276,Vstra Frlunda,5 Eliot Crossing,Elisha_Monahan@example.net
277,Estncia Velha,437 Ridgeview Terrace,Zoe.Hyatt95@example.org
278,Kayar,085 Boyd Point,Domenico.Kemmer30@example.com
279,Niwiska,5 Hoard Crossing,Katlyn23@example.com
280,Daytona Beach,189 Carpenter Road,Letitia84@example.net
281,Quara,71 1st Street,Lorenz18@example.net
282,Strngns,5288 Straubel Alley,Benedict.Legros35@example.com
283,Lututw,83 Northridge Way,Brandy_Waelchi@example.com
284,Hamburg,7 Marquette Street,Wilford_Harris@example.net
285,Clonskeagh,7470 Prairie Rose Avenue,Ines14@example.org
286,Catril,50 Sage Park,Marge.Lehner0@example.net
287,Bilalang,8284 Dayton Place,Elenora_Swift-Watsica6@example.com
288,Ugljevik,2 Independence Point,Ethan_Hane@example.net
289,Waingapu,2045 Holmberg Road,Dena.Gerlach@example.com
290,Dayr as Sdn,3 Troy Avenue,Lloyd.Bogan45@example.org
291,Speightstown,77694 Dorton Pass,Cleve.Herzog-Zboncak@example.net
292,Las Americas,5034 Esker Junction,Esta60@example.org
293,Hagondange,515 8th Drive,Jaycee85@example.net
294,Filipstad,5723 Elgar Parkway,Adrien91@example.net
295,Takikawa,90166 Golf View Street,Aubree_Rutherford@example.com
296,Palanas,4 Buhler Plaza,Nickolas_Grimes@example.net
297,Yongjiu,44 Manley Street,Neal.Ratke@example.com
298,Zhavoronki,41692 Toban Street,Forrest.Hand85@example.com
299,Cangkeuteuk Sabrang,7 Judy Pass,Coy.Tremblay6@example.org
300,Juan N Alvarez,6 Bartelt Point,Maureen.Pouros-Little92@example.net
301,Purbalingga,86368 Dryden Pass,Gage_Lowe20@example.org
302,Bolnisi,2814 South Avenue,Elfrieda_Green64@example.org
303,Sankera,53869 Annamark Point,Hershel53@example.org
304,Borda da Mata,3996 Monument Place,Melody54@example.com
305,Joconal,7086 Trailsway Crossing,Oliver.Ryan57@example.com
306,Masaran,22 Red Cloud Avenue,Leonard.Olson-Harvey91@example.net
307,Shanglu,91 American Ash Lane,Wendy70@example.com
308,Guinsang-an,888 Bluestem Crossing,Telly26@example.net
309,Dongxin,093 Acker Junction,Johan.Weber@example.com
310,Taganskiy,1 Cottonwood Lane,Kaleb.Heaney@example.net
311,Makarov,90242 Fairview Terrace,Kara_Lehner@example.com
312,Huogezhuang,7 Golf View Park,Einar_Rodriguez@example.net
313,Gunungsari,602 Weeping Birch Circle,Cyril5@example.net
314,Antiguo Cuscatln,55 Miller Street,Orin_Bode@example.net
315,Ant,594 Schlimgen Center,Dax66@example.org
316,Jardin,4 Lukken Avenue,Terrell.Lynch94@example.org
317,Pantanal,268 Killdeer Plaza,Melany_Swaniawski39@example.com
318,Nilpolis,91817 Arrowood Plaza,Ivory_Greenholt12@example.org
319,Suzdal,67246 Arapahoe Crossing,Stanley_Rohan40@example.com
320,Cabuyao,072 Dixon Crossing,Willa_OHara@example.net
321,Meizhuang,61 Buena Vista Alley,Ron_Padberg@example.com
322,Besznica,49 Summit Point,Rubie63@example.org
323,Ogod,65 Lerdahl Pass,Kristina41@example.org
324,Minyat an Nar,400 Portage Drive,Rudy.Rohan@example.org
325,Lipov,9 Randy Center,Kris_Dooley49@example.org
326,Hienghne,53336 Monterey Place,Hilton_Bashirian19@example.org
327,Langenburg,027 Graceland Circle,Isadore51@example.com
328,Na Kos,2211 Ludington Avenue,Holden.Schaefer@example.net
329,Karangturi,0 Bellgrove Terrace,Trisha_Douglas@example.org
330,Smarhon,6 Morrow Drive,Dayne.Hickle@example.org
331,Ribamar,89 Forster Circle,Elbert.Mueller45@example.com
332,Prosyana,5852 Heath Plaza,Melany_Schulist75@example.net
333,Dobryanka,08 Grim Place,Leila57@example.net
334,Koka,718 Bayside Plaza,Julia.Pacocha@example.com
335,Nongoma,387 Summer Ridge Junction,Candace_Waters@example.com
336,Voznesenskoye,46 Sachtjen Junction,Judy_Parisian42@example.net
337,Tournavista,667 Becker Road,Brandy_Rath@example.net
338,Achiras,75 Buhler Center,Susan43@example.com
339,Banda Layung,57 Butternut Point,Joaquin_Reichel@example.net
340,Regla,7 Novick Drive,Christop.West44@example.org
341,Bay-ang,59572 Cascade Court,Mario55@example.org
342,Longhua,91569 Cottonwood Junction,Jennie_Roob65@example.com
343,Norton,79 Pine View Terrace,Genoveva_Kris@example.org
344,Sdziszw,076 Sheridan Plaza,Marlee_Hahn@example.net
345,Laozhuang,60 Pond Trail,Dario.Lubowitz@example.com
346,Ljutomer,6594 Algoma Hill,Annette.Lang42@example.org
347,Komnice,70 Corscot Point,Vincenza.Roberts40@example.com
348,Oslo,22 Rockefeller Trail,Flavio6@example.org
349,Kibondo,9 Basil Drive,Therese.Schmeler-Beatty@example.org
350,Nifuboko,94283 Delladonna Drive,Ole_Block@example.com
351,Stbro,34563 Moulton Circle,Jaquan97@example.org
352,Motala,5 Hansons Trail,Lavina.Dare@example.org
353,Mainque,7 Westridge Way,Agustina35@example.org
354,Pukkila,8 Esch Way,Eldred_McKenzie@example.com
355,Konga,00731 Bellgrove Street,Gerhard.Dibbert@example.net
356,Krajan Siki,885 Michigan Trail,Jarred99@example.net
357,Gabrovo,16 Stoughton Road,Kiarra.Schimmel@example.net
358,Juan Adrin,1284 Tomscot Center,Andy.Labadie-Herzog@example.com
359,Isugod,9 Rockefeller Point,Jody.Wilkinson@example.com
360,Young America,0387 Veith Way,Adelle.Jacobi0@example.net
361,Beicang,17934 Walton Court,Esta99@example.net
362,Villa Ascasubi,816 Havey Way,Darrion_Kreiger30@example.net
363,Lkak,59757 Nova Pass,Dayna_Durgan46@example.com
364,Vingker,10 Forster Park,Carley.Prosacco-Wilkinson@example.net
365,Cumadcad,9 Comanche Point,Forest_Williamson@example.org
366,Kazuno,637 Swallow Parkway,Emmie96@example.net
367,Hacqabul,9913 Harbort Court,Arlene48@example.net
368,San Vicente,342 Granby Street,Cleveland_Kessler82@example.org
369,Staryy Krym,1028 Dennis Junction,Henderson.Kozey49@example.com
370,Cambanay,5 Clove Parkway,Davin_Heathcote@example.org
371,Saint-Raymond,47595 Park Meadow Lane,Dennis_Schimmel@example.com
372,Baz,51 Reinke Junction,Zita.Witting@example.com
373,Nakhon Nayok,3 Westport Trail,Francis_Leffler@example.org
374,Kitahama,133 Trailsway Junction,Dallin93@example.net
375,Paris 08,7843 Schurz Circle,Forrest3@example.org
376,Dusit,43049 Moose Terrace,Gabe57@example.com
377,Snegiri,49234 Village Green Center,Jadyn.Carroll@example.org
378,Sukogunungkrajan,2905 Gulseth Circle,Shawna_Rempel@example.org
379,Bueng Kan,6 Northview Point,Joel24@example.org
380,Moycullen,31 Armistice Lane,Denis.Turcotte48@example.org
381,Umbanyar,654 2nd Lane,Yadira_Runolfsson9@example.net
382,Petrijevci,6 Veith Trail,Geo_Turner12@example.com
383,Zakhim,0 Ridgeview Street,Ashlee_Breitenberg@example.net
384,Franceville,05841 Pleasure Hill,Lexi.Rath38@example.org
385,Svetlograd,5446 Bobwhite Terrace,Patience.Cremin@example.net
386,Kista,7203 Stuart Plaza,Stella.Franecki63@example.net
387,Namora,45115 Waywood Point,Sonia_Brakus4@example.com
388,Olival,4111 Northwestern Trail,Jacky.Shields@example.net
389,Tanjay,01147 Pennsylvania Park,Jacinthe_Bednar@example.com
390,Gensi,31125 Anzinger Point,Gerard53@example.net
391,Wgierska Grka,52 Ryan Alley,Vincenzo.Schneider@example.org
392,Wojaszwka,02601 Cordelia Place,Brandt72@example.org
393,Caijiagang,5 Beilfuss Park,Geovanni.Hintz78@example.net
394,Wanjia,350 Westerfield Point,Kaelyn.Lehner22@example.com
395,Plva,93689 Sunnyside Circle,Emmalee21@example.com
396,Lillehammer,6 Cottonwood Drive,Jonathon_Mills44@example.net
397,Lenart v Slov. Goricah,2 Alpine Pass,Harrison.Walter22@example.org
398,Narimanov,34 Doe Crossing Crossing,Reynold96@example.org
399,San Jos de Ocoa,0914 Kedzie Pass,Delbert10@example.com
400,Blumenau,9 Derek Alley,Deshawn.Hartmann@example.com
401,Atlantis,929 Schmedeman Circle,Providenci.Bruen@example.net
402,Blizne,7597 Troy Lane,Abdul57@example.com
403,Janes,19819 Sunfield Point,Gregorio_Padberg@example.com
404,Molinos,4782 Bobwhite Parkway,Bradley37@example.com
405,Yulao,2655 Westend Alley,Hanna_Rohan@example.net
406,Stopnica,37 Oxford Center,Florencio19@example.com
407,Templeogue,343 Reindahl Street,Wilmer_Grady23@example.org
408,Nara,417 Bayside Pass,Chelsie.Runte@example.org
409,yrardw,91944 Bobwhite Drive,Alaina_Hyatt@example.org
410,Luga,6750 Sheridan Terrace,Elroy.Larkin@example.net
411,Jiaocheng,5087 Pond Avenue,Jessica_Gutkowski@example.org
412,Pamakayo,47529 Hayes Lane,Stacey_Watsica40@example.org
413,Pescadera,47 Gateway Drive,Theresa.Price@example.net
414,Sanzao,7 Westend Court,Leanna.Jaskolski38@example.org
415,Burgastai,2 Cascade Place,Lavinia.Cronin@example.com
416,Banjar Kertasari,5 Marquette Alley,Cole_Streich-Schaden@example.com
417,Pau,1020 Sage Lane,Odie17@example.com
418,Rantaupanjang,73 Elmside Alley,Layne_Schaden42@example.org
419,Tobol,3501 Waubesa Terrace,Catalina73@example.net
420,Sundumbili,78789 Washington Crossing,Unique_Bergnaum@example.net
421,Cidadap,97 Upham Crossing,Peggie.Jerde77@example.com
422,Farah,9711 Northview Alley,Soledad17@example.net
423,Paso de los Libres,32 Lerdahl Terrace,Baron_Botsford@example.org
424,Biao,3 West Street,Melyna22@example.org
425,Pelaya,7374 Bultman Plaza,Elroy_Crona@example.net
426,Niedercorn,1560 John Wall Circle,Mina.Cummerata@example.org
427,Wuduhe,36 Tennyson Circle,Estelle.Hilll@example.org
428,Shalqya,417 Westport Terrace,Hadley_Krajcik66@example.net
429,Paine,9118 Rutledge Plaza,Thora_Simonis62@example.net
430,Narimanov,7569 Onsgard Hill,Malcolm_Friesen20@example.com
431,Szemud,9140 Cascade Road,Haleigh95@example.org
432,Yongfeng,6880 Vernon Pass,Ramona65@example.net
433,Cimanggu,90 Lawn Street,Raphaelle56@example.net
434,Esmeraldas,7 Loomis Pass,Nichole12@example.org
435,Linkping,21412 Logan Plaza,Theresia24@example.net
436,Ixopo,136 Gateway Drive,Madyson23@example.net
437,Gteborg,01 Marquette Lane,Herminia_Weber52@example.net
438,Dobromice,951 Lotheville Point,Mabelle_Reynolds@example.com
439,Kahabe,5 Morrow Plaza,Terrell.Huels31@example.net
440,Maslog,360 Utah Point,Phoebe_Reichel28@example.com
441,Yuscarn,01949 Lyons Hill,Arely.Greenholt15@example.org
442,Nanqi,1 Holmberg Street,Trenton.OKeefe@example.net
443,Vidnoye,38159 Del Sol Hill,Nova_Klein38@example.com
444,Rio das Pedras,1 Manufacturers Trail,Rosie33@example.net
445,Road Town,2378 Fordem Pass,Alden_Stamm@example.org
446,Parabcan,99 Warbler Crossing,King.Hoppe93@example.net
447,Samouco,71091 Oneill Drive,Kris47@example.net
448,Vary,37 Manley Parkway,Ryley_Paucek@example.org
449,Muang Phn-Hng,69895 Corben Hill,Lafayette53@example.org
450,Voyskovitsy,6 Hollow Ridge Terrace,Jaclyn46@example.net
451,Jianshe,3 High Crossing Crossing,Maude_Zulauf@example.net
452,Uddiawan,0 International Center,Justen.Fay@example.org
453,Franco da Rocha,566 Glendale Trail,Jennie.Kozey@example.com
454,Nice,905 Riverside Hill,Eula.Greenholt57@example.org
455,Dungarvan,78 Autumn Leaf Center,Rossie.Reichert39@example.org
456,Tamansari,20 Bay Junction,Erich_Hammes12@example.net
457,Fort Lauderdale,112 Ohio Circle,Norma.Boyle@example.com
458,Fajes,78464 Calypso Drive,Stacey_Murazik83@example.com
459,Nashville,7 Tomscot Pass,Reynold_Lemke5@example.org
460,Primero de Mayo,4023 Caliangt Street,Rashad.Sporer@example.org
461,Topeka,82102 Lindbergh Drive,Melisa.Aufderhar@example.com
462,Cigaleuh Kulon,28 Scott Street,Darrell9@example.com
463,Hushan,4696 Nova Road,Hassie.Abernathy@example.org
464,Kakamas,94 Prentice Park,Braeden1@example.com
465,Kolyubakino,66873 Kennedy Pass,Matilde.Brekke77@example.net
466,Kostanay,8 Hanover Park,Elsie93@example.org
467,Nice,5 Memorial Place,Candelario_Hettinger@example.com
468,Alingss,5 Porter Terrace,Leora89@example.org
469,Dolega District,88 Burrows Plaza,Waino53@example.com
470,Karangmangu,6746 Toban Avenue,Gilbert48@example.org
471,Degan,731 Colorado Lane,Lessie_Cremin74@example.net
472,Pines,98710 Weeping Birch Center,Tyree.Zboncak@example.net
473,Tongzha,40 2nd Center,Itzel_Kshlerin@example.org
474,Novi Vinodolski,4020 Bartelt Street,Dianna.Kautzer@example.org
475,Nuevitas,755 5th Terrace,Rosella56@example.com
476,Donglu,511 Village Green Park,Katharina.Keeling@example.org
477,Ilare,51 Eggendart Street,Lisa_Torphy@example.com
478,Lingzhi,89 Elka Avenue,Chadd79@example.net
479,Haikou,04324 Hudson Point,Raleigh10@example.org
480,Longjie,807 Rigney Junction,Maxie_Connelly@example.com
481,Hino,33649 Cambridge Court,Alva.Miller33@example.net
482,Funes,03 Butterfield Terrace,Everardo.Donnelly97@example.org
483,Embu,59 Southridge Circle,Delmer_Cummings-Pfannerstill@example.net
484,Shuidong,2 Grayhawk Center,Victor_Botsford@example.com
485,Hrnsand,326 Delaware Parkway,Katarina66@example.org
486,Yawata,53760 Oriole Drive,Saige_Cummings57@example.net
487,Eloy Alfaro,43 Vermont Park,Demetrius56@example.com
488,Porto Salvo,5 Dexter Way,Elody90@example.net
489,Cabay,57 Mifflin Pass,Tatum_Rippin@example.net
490,Jagey Grande,115 Laurel Drive,Ethyl46@example.net
491,Denton,800 Ridgeview Center,Mariane_Raynor@example.org
492,Suwa,7 Lerdahl Trail,Edythe59@example.com
493,Uurainen,66524 Troy Circle,Prudence.Pfannerstill1@example.com
494,Mayuan,606 Moulton Terrace,Eino_Keeling@example.com
495,Kagawasan,82 Union Drive,Raphaelle_Goodwin44@example.com
496,Panitan,8 Anhalt Junction,Molly19@example.org
497,Ponta Grossa,9318 Oriole Avenue,Anderson_Ratke20@example.net
498,Casal do Sapo,0352 Melby Trail,Luis.Reilly@example.org
499,Binglincha,1044 Dayton Junction,Scotty.Towne@example.com
500,Pasir,0500 Shelley Road,Ottis.Koch@example.com
501,Alpedrinha,3 Prentice Street,Janet1@example.net
502,Chadian,912 Algoma Plaza,Dorothy.Hettinger@example.org
503,Seshcha,4 Crowley Way,Ewell57@example.org
504,Yingpu,71286 Spohn Court,Jason_West64@example.com
505,Kalkara,2073 Arizona Street,Lawson_Schuppe@example.org
506,Ciudad Vieja,50 Quincy Park,Gerald_Lang4@example.com
507,Szczecin,294 Jana Pass,Kelsi_Blanda31@example.com
508,Shanghu,72735 Judy Terrace,Myrtice.Breitenberg@example.net
509,Krumv,764 Green Place,Marshall_Doyle30@example.com
510,Galutu,162 Bultman Hill,Rosalinda.Cummings@example.net
511,Sangongqiao,05 Arizona Point,Samson_Stracke28@example.com
512,Buluh Kasap,1 Stuart Drive,Myrtice40@example.net
513,Wuluhan,93 Melody Alley,Alivia31@example.org
514,Liuge,4 Rigney Parkway,Domenico_Harris@example.org
515,Toubao,7 Granby Court,Theo.Johnson@example.com
516,Dhali,00 Everett Drive,Randy_Waters85@example.org
517,Luxi,95366 Ridgeview Terrace,Joelle_Will@example.net
518,Zibu,6 Norway Maple Junction,Euna_MacGyver@example.org
519,Kandun,56 Grim Parkway,Tanya54@example.com
520,Montbliard,1272 Springview Hill,Ubaldo_Harvey@example.com
521,Karanganyar,5 Forest Place,Otha43@example.com
522,Qiuchuan,5256 Katie Avenue,Salvador_Leuschke78@example.com
523,Blagodatnoye,65021 Jenifer Parkway,Andy67@example.net
524,Kelasuri,38369 Declaration Avenue,Rosalind56@example.org
525,Langtad,235 Algoma Place,Ettie.Bogan-OKeefe32@example.net
526,Fulu,07 Kipling Trail,Susie_Vandervort93@example.org
527,Xiayang,21 Dottie Drive,Garland85@example.org
528,Kaliro,430 Logan Lane,Yesenia.Koepp@example.org
529,Chiconi,60872 Birchwood Drive,Abigayle67@example.net
530,Jayys,650 Welch Parkway,Juvenal_Zemlak20@example.com
531,Amiens,7 Spaight Court,Emelia_Orn8@example.net
532,Woha,6 Bartillon Lane,Asia47@example.org
533,Jisegumen,4 Heath Place,Whitney27@example.org
534,Izlake,47 Gulseth Parkway,Alison.Feil@example.com
535,Xiaochi,24 Morning Place,Clinton_DuBuque@example.com
536,Guozhai,67036 Nobel Street,Mallory_Okuneva-Windler62@example.com
537,Pancoran,374 Dapin Avenue,Noelia_White22@example.com
538,Batagay-Alyta,876 Dorton Circle,Robb_Block@example.org
539,Targanice,2413 Pond Alley,Nathan.Zulauf35@example.com
540,Muldersdriseloop,0 Mayfield Park,Genoveva_Lockman11@example.org
541,Zepita,1 Buhler Way,Trisha43@example.com
542,Zhuge,09772 Stuart Circle,Pansy_Buckridge12@example.net
543,Krajan Satu,492 Bartelt Point,Ulices_Dickinson30@example.net
544,Kang-neung,18078 Ramsey Terrace,Terence_Kilback41@example.com
545,Linvo,10164 Westridge Trail,Princess29@example.com
546,Phanom Sarakham,3 Iowa Street,Quinton48@example.com
547,Dznbulag,0339 Fremont Avenue,Jovani40@example.org
548,Bolyarovo,897 Pleasure Junction,Mellie.Leuschke@example.net
549,Coolock,690 Dexter Hill,Lonny_Schinner0@example.net
550,Mandalt,38839 Anthes Center,Elfrieda_Bednar@example.net
551,Tianxing,60 Kingsford Hill,Bryana.Botsford33@example.net
552,Jackson,4692 Anhalt Point,Kelley_DAmore36@example.net
553,Ananea,3 Leroy Alley,Terrell.Batz20@example.org
554,Ziketan,124 Muir Court,Kameron_Stehr@example.com
555,Kristinehamn,8 Ryan Park,Maymie26@example.org
556,Wangchang,168 Carpenter Junction,Reina.Prosacco86@example.com
557,Riberalta,00 Norway Maple Alley,Jamir.Huel61@example.com
558,Lizhai,29 Mallory Junction,Marlen.Botsford-Prohaska@example.net
559,Machal,604 Stuart Plaza,Daphne_Gusikowski23@example.com
560,Muxagata,8 Lukken Plaza,Danielle.Romaguera43@example.com
561,Crates,93 Loftsgordon Parkway,Garnet.Mayert40@example.org
562,Air Bangis,4448 Sachs Park,Emerson_Olson@example.com
563,Shinao,20 Sheridan Road,Addie.Legros@example.org
564,Morazn,15 Southridge Crossing,Alexandro47@example.com
565,Mshinskaya,11770 Becker Trail,Beverly_Bartoletti@example.com
566,Nishinomiya-hama,96776 Utah Road,Maiya50@example.net
567,Arthurs Town,149 Blaine Street,Donnell_Rogahn28@example.com
568,Sosnovka,3956 Hooker Alley,Pamela71@example.org
569,Guanta,1 Chinook Drive,Tod47@example.net
570,Pastores,47018 Kennedy Alley,Velma0@example.net
571,Fujioka,380 Clove Crossing,Dedric_Fahey27@example.com
572,Svoboda nad pou,9990 Superior Junction,Myrtis38@example.com
573,West End,0 Tennyson Lane,Leone_Roberts@example.com
574,Ust-Kut,28154 Coolidge Crossing,Faye.Abbott20@example.com
575,Yuyang,7486 Grayhawk Crossing,Herman8@example.com
576,Lushnj,3 Alpine Parkway,Claire54@example.org
577,Nmes,1691 Declaration Circle,Noemie_Pacocha-Strosin5@example.net
578,Solnechnoye,808 Boyd Plaza,Tavares64@example.net
579,Wodzierady,703 Victoria Hill,Frederic89@example.net
580,Cavaillon,6 Marquette Place,Devante58@example.net
581,Gaoliang,70 Bunker Hill Junction,Randall0@example.com
582,Siedleczka,97458 Buell Road,Zora_Kuhn@example.net
583,alec,5 Continental Plaza,Morris.Orn@example.com
584,Sipocot,60 Graceland Park,Myrl.McCullough27@example.com
585,Baka Voda,9377 Morningstar Alley,Angelica_Keeling@example.net
586,Khueang Nai,39 Ryan Trail,Darlene_Grimes@example.net
587,amrun,0946 Holmberg Parkway,Charlie.Armstrong@example.net
588,Moravsk Krumlov,54308 Algoma Avenue,Nova73@example.com
589,Lensk,11484 Canary Crossing,Rosalind24@example.net
590,Pasanggrahan,1483 Steensland Drive,Geovanny.Kertzmann@example.org
591,Cishangang,64 Grim Pass,Prudence86@example.com
592,Kabinda,38160 4th Center,Tabitha3@example.net
593,Oliveira,70766 Pierstorff Hill,Summer_Dare63@example.net
594,Dachang,0545 Brentwood Road,Hayden82@example.com
595,Skvde,75 Blaine Point,Wanda67@example.net
596,Tahoua,8 Crescent Oaks Plaza,Celestino.Kemmer@example.com
597,Eybens,5 5th Circle,Alanna_Ledner82@example.org
598,Tegalsari,8799 Kensington Trail,Alvis55@example.net
599,Hongxing,82 Farwell Terrace,Abel14@example.com
600,Shiban,4 Schiller Plaza,Brenda_Pfannerstill22@example.com
601,Bugang,7 Mosinee Trail,Astrid.Vandervort11@example.org
602,Niederwaldkirchen,4 Melody Alley,Dawson38@example.org
603,Lopar,8 Larry Center,Barbara_Langworth2@example.net
604,Bendoroto,962 Lakewood Gardens Junction,Nichole72@example.com
605,Piracaia,83506 Hooker Road,Penelope.Jerde58@example.net
606,Ujsoy,9 Coolidge Court,Annamae49@example.net
607,Watoona,9143 Sunbrook Center,Terrence.Marquardt@example.net
608,Geoktschai,3944 Maywood Court,Olaf.Ebert17@example.com
609,Oarw,8355 Schlimgen Plaza,Gerald_Koelpin42@example.org
610,Bunisari,54 Debra Point,Iliana_Cole82@example.org
611,Obuasi,4 Westridge Center,Scottie_Leuschke36@example.net
612,Floreti,13260 Marquette Trail,Stephany41@example.org
613,Sadov,7 Bunting Trail,Hoyt.Bogisich36@example.com
614,Gaigeturi,21 Tennyson Terrace,Alisha.Friesen@example.org
615,Alavieska,9045 Monica Center,Adalberto.Rau@example.com
616,Dapdap,3123 Bultman Terrace,Keara57@example.net
617,Nhn Trch,8943 Bartillon Drive,Ethyl_Lueilwitz78@example.com
618,Oskarshamn,0946 8th Court,Blaze_McKenzie55@example.com
619,,5781 Dayton Center,Thomas78@example.org
620,Pyrgets,9 Scott Center,Jerome.Corwin@example.com
621,An Nar,3 Knutson Hill,Kayden_Wunsch94@example.org
622,Sines,458 Grover Trail,Marjory12@example.org
623,Sorong,843 Kensington Alley,Polly_Ryan@example.com
624,Taman,2 Mesta Hill,Randal73@example.org
625,Ferme-Neuve,98849 Farragut Hill,Sophia53@example.org
626,Huicheng,3 Menomonie Street,Jabari.Dickens67@example.com
627,Tagana-an,1237 Esch Circle,Alvera47@example.com
628,Cha,9931 Northland Circle,Charlotte2@example.com
629,Aveiras de Cima,9184 3rd Point,Nova64@example.org
630,Perpignan,8 Redwing Hill,Carson91@example.com
631,Baganhilir,63 Red Cloud Trail,Savanna_Tromp@example.net
632,Uijeongbu-si,30307 Carpenter Drive,Dane_Becker@example.net
633,Xinjian,9007 Washington Street,Karelle_Streich@example.org
634,Qiantang,0 Elmside Park,Imogene76@example.com
635,Alqueido,5 Hayes Point,Cydney_Balistreri@example.com
636,Piskivka,77 Bunker Hill Street,Freddy.Jakubowski46@example.net
637,Sfax,99576 Warbler Terrace,Sofia_Hodkiewicz-Keeling45@example.net
638,Xinshui,83 Everett Junction,Laron_Rohan90@example.org
639,rnskldsvik,0 Gale Place,Olaf.MacGyver@example.com
640,Lazaro Cardenas,33671 Oak Valley Pass,Leone_Langworth@example.org
641,Sitiarjo,4 Bashford Road,Sheridan85@example.net
642,Alasmalang,0 Hudson Plaza,Rodolfo.Mann15@example.net
643,Taipingxu,9266 Claremont Park,Deshaun33@example.net
644,Jambean,41205 Grasskamp Way,Sterling_Von@example.com
645,Damao,92 Bunting Street,Moses.Kreiger@example.org
646,Tubel,4044 Superior Hill,Daryl_Lesch@example.com
647,Salto,8 Merrick Circle,Reggie_Hermiston@example.com
648,Witbank,2 Green Ridge Terrace,Abagail6@example.net
649,Sijiu,1 John Wall Court,Kurtis_Hand@example.net
650,Yatunpu,91 Mockingbird Drive,Maximillia_Bahringer@example.org
651,Grand Rapids,64625 Transport Center,Florian66@example.com
652,Citundun,5 Kenwood Court,Susanna97@example.net
653,Th Trn Quan Ha,98 Corry Drive,Aliya_Schroeder71@example.com
654,Paris La Dfense,14852 Nobel Crossing,Vernon.Bosco97@example.net
655,Khon San,242 Tomscot Court,Douglas91@example.net
656,Normandin,6 Sachs Plaza,Simeon95@example.com
657,Caibarin,529 Parkside Place,Ewell29@example.net
658,Castellon De La Plana/Castello De La Pla,527 Mayfield Place,Madilyn_Oberbrunner73@example.org
659,Lumatil,82769 International Center,Alessandro_Bechtelar@example.org
660,Bebedouro,3 Packers Plaza,Lisandro84@example.org
661,Xiachen,1337 Mallard Crossing,Kelton_Hyatt62@example.com
662,Chipinge,8807 Toban Parkway,Willa98@example.org
663,Hatsukaichi,1673 Shopko Court,Glen_Hand92@example.net
664,Yuzui,646 Kenwood Parkway,Jerome_Swaniawski85@example.com
665,Tres Unidos,28 Kropf Alley,Nicole13@example.net
666,Xiwei,1548 Graceland Street,Marcelina_Pfeffer@example.org
667,Mangas,72 Superior Avenue,Alison_Mayer@example.org
668,Jhang Sadr,305 Kinsman Crossing,Natasha.Murazik@example.org
669,Guadalupe Victoria,026 Ludington Hill,Alaina0@example.com
670,Langgen,46400 Vahlen Street,Eliseo.Predovic65@example.org
671,Kobylanka,8449 Hollow Ridge Lane,Jaden_Champlin@example.net
672,Puerto Francisco de Orellana,83461 Westerfield Alley,Sammie_Bosco83@example.net
673,Ulaan-Ereg,8 Longview Park,Ozella.Mills97@example.org
674,Petare,12055 Huxley Circle,Dora.Crist@example.net
675,Messejana,5850 Del Sol Crossing,Alessandro.Trantow@example.com
676,Urbano Noris,184 Scott Plaza,Marcelino86@example.com
677,Stockholm,111 Clove Court,Friedrich.Kihn@example.com
678,San Manuel Chaparrn,4668 Arkansas Point,Macie_Renner@example.net
679,Brinje,2375 Utah Road,Nasir_OKeefe@example.org
680,Parabcan,780 Jackson Circle,Keira14@example.org
681,Velyka Mykhaylivka,000 East Road,Jedidiah.Hilpert@example.com
682,Chironkamba,65807 Sunfield Junction,Jennifer22@example.org
683,Chivor,8 Reindahl Street,Emmy.Lowe-OReilly60@example.org
684,Pereiros,68665 Sunfield Circle,Sandra_Simonis34@example.net
685,Bradag,79 Longview Court,Demond.Bogan@example.com
686,Lubin,39 Anniversary Junction,Susie27@example.net
687,Voskhod,92750 Sommers Way,Reta_Stroman@example.com
688,Beoga,8749 Grover Place,Ernestina35@example.net
689,Nchelenge,74 Kinsman Point,Tito.Grimes94@example.org
690,Nagrog,9 Bellgrove Trail,Jennyfer0@example.net
691,S,966 Bayside Road,Hudson78@example.net
692,Oltintopkan,7 Mitchell Park,Katlynn41@example.org
693,Liulimiao,8259 Sheridan Drive,Avery_Feeney41@example.com
694,Antony,70 Holmberg Hill,Jackson.Hilll55@example.org
695,Komsomolets,66 Kingsford Center,Hollie_OConner76@example.org
696,Loyew,06843 Columbus Street,Dock_Reinger@example.net
697,Povorino,87 Pleasure Parkway,Lucile.Towne90@example.com
698,Ntoke,43613 Village Pass,Adrianna_Bailey@example.net
699,Sukamaju,582 Waxwing Parkway,Edwin.Nienow@example.net
700,Makovec,85 Almo Street,Alvera.Rippin@example.org
701,Yangjiaqiao,11 Holy Cross Trail,Ophelia.Murphy13@example.com
702,Marika,4 Loftsgordon Point,Osvaldo_Feest93@example.net
703,Ropcha,78626 Orin Drive,Lesley.Veum@example.org
704,Oropndolas,7 Erie Trail,Denis68@example.com
705,Dar es Salaam,28292 Chive Circle,Thelma23@example.com
706,Qianchuan,0752 Basil Road,Karina87@example.net
707,Chteau-Richer,891 Hanover Way,Emerson.Schmeler@example.net
708,Vitomarci,6953 Spaight Terrace,Axel68@example.com
709,Mossor,584 Kings Park,Jesus.Kuphal99@example.org
710,Qutun,26219 Monument Hill,Nettie.Durgan64@example.com
711,Biskamzha,50 Melody Avenue,Ruben_Franey@example.net
712,Lubuagan,973 Kropf Drive,Matilde.Walter5@example.org
713,Marseille,46 Di Loreto Plaza,Nikita.Langworth-Kozey85@example.net
714,Bueng Kum,90365 Browning Plaza,Angeline89@example.com
715,Tampere,12801 Center Center,Jessy.Kling11@example.com
716,Limn,15625 Killdeer Court,Kendrick84@example.com
717,Meadow Lake,80 Lindbergh Pass,Andre_Haag94@example.org
718,Sorokino,54821 Artisan Circle,Ima_Hettinger79@example.org
719,Kafr Zayt,8906 Declaration Circle,Jensen.Schmitt6@example.org
720,Jinqiao,9 Calypso Crossing,Vergie39@example.net
721,Candelaria,35483 Manufacturers Pass,Mauricio_Stamm19@example.com
722,Santiago de los Caballeros,46 West Point,Angela35@example.org
723,Las Junturas,04786 Nelson Hill,Terrence.Baumbach33@example.com
724,Malummaduri,89984 Caliangt Lane,Abe84@example.net
725,Mabai,2 West Junction,Polly.Block28@example.com
726,Madalena do Mar,32631 Victoria Crossing,Bobbie95@example.net
727,Porto Ferreira,6 Milwaukee Pass,Berenice_Considine11@example.com
728,Parigi,51 Eastlawn Lane,Orie24@example.org
729,Grud-Fush,5001 Evergreen Drive,Erika84@example.net
730,Jnkping,82046 Randy Alley,Electa_OHara14@example.com
731,Agualva,99713 Bluestem Terrace,Taylor.Roberts61@example.com
732,Kikerino,153 Pierstorff Trail,Lolita79@example.com
733,Qiandong,9387 Forest Trail,Hassan_Gleason@example.org
734,Cran-Gevrier,07 Everett Alley,Roger.Halvorson@example.org
735,Serhetabat,18 Manufacturers Alley,Mackenzie54@example.org
736,Jargalant,8 Nova Circle,Leilani12@example.net
737,Kota Kinabalu,43316 Homewood Court,Fern_Bauch84@example.com
738,Santa Rita Aplaya,4329 Debs Circle,Holly_Conroy@example.org
739,So Lus do Quitunde,45004 Nova Trail,Jazmyne76@example.com
740,Mosty,03961 Northfield Place,Frankie32@example.com
741,Rancharia,80 Vidon Hill,Christine.Mertz88@example.com
742,Balut,231 Weeping Birch Street,Daniella_Weissnat@example.org
743,Cinagrog Girang,4 Arizona Avenue,Hettie.Kulas@example.com
744,Dayou,87158 Bultman Place,Beulah6@example.org
745,Quimperl,79 Declaration Court,Bernhard.Gorczany60@example.com
746,Wupu,070 Quincy Avenue,Lizeth.Harvey73@example.org
747,Lidkping,52427 Kipling Circle,Theresia_Carter7@example.net
748,Barranca de Upa,02 Waxwing Parkway,Jamal66@example.org
749,Junyang,48 Calypso Park,Roy86@example.com
750,Lobuk,5230 Cody Place,Amelia_Klein@example.org
751,Chervonohryhorivka,5 Weeping Birch Terrace,Lois.Tillman@example.org
752,Racine,45 Sherman Avenue,Cory.Kreiger-Murray88@example.com
753,Stockholm,24 Memorial Junction,Hilda.Kuhic@example.com
754,Quebrada Larga,63 Barby Street,Brayan.Goodwin@example.net
755,Stanii,771 Cambridge Road,Carson58@example.net
756,Goianira,74 Montana Parkway,Tate.Hermiston57@example.net
757,Beishan,48280 Bashford Pass,Omer.Larkin82@example.com
758,Del Campillo,29 Golden Leaf Road,Maude_Weissnat88@example.org
759,Khurs,7 Ronald Regan Center,Janice58@example.net
760,Kolirerek,67405 Schurz Pass,Keely_Graham66@example.org
761,Sarany,499 Pleasure Park,Zaria74@example.org
762,Ume,199 Kingsford Road,Darren_Kutch16@example.com
763,Taishang,002 Straubel Point,Sincere.Kohler38@example.net
764,Lisiani,9 7th Lane,Cody.Corkery@example.net
765,Baing,0 Oak Valley Way,Dan62@example.net
766,Kitakysh,19 Kenwood Circle,Darren.Effertz@example.com
767,Banghai,748 Fairfield Lane,Karina.Littel22@example.com
768,Sylhet,51 Sugar Crossing,Gerry.Goldner32@example.org
769,Lerum,618 Blue Bill Park Street,Quinn.Jast@example.com
770,Novokayakent,6995 Homewood Crossing,Angelica97@example.org
771,Ipoh,011 Lerdahl Pass,Jaden7@example.org
772,Pavlohrad,4420 Bellgrove Way,Khalid_Barrows28@example.org
773,Wucun,2383 Eagan Circle,Deontae_Davis-Kassulke34@example.com
774,Gar,9888 Oak Valley Street,Herminia41@example.com
775,Bizhou,11 Summit Trail,Amara.Brown67@example.org
776,Vilar do Monte,2421 Mayer Point,Brendon.Bogisich@example.net
777,Yinzhu,96276 Bayside Park,Jaeden.Lindgren63@example.org
778,Langard,149 Darwin Junction,Lelia.Franey27@example.org
779,Cibitung,3 Susan Trail,Heloise70@example.net
780,Wanfang,3 Utah Court,Sheldon36@example.org
781,Mongagu,389 Melody Avenue,Koby59@example.org
782,Birtonas,6736 Crescent Oaks Parkway,Jerod_Schultz@example.net
783,Cempa,482 Village Green Parkway,Lea.Hartmann-Rath95@example.com
784,Guatrach,00 Nobel Plaza,Idella_Emmerich16@example.com
785,Media Luna,75714 Cascade Lane,Estevan61@example.org
786,Paghmn,35216 Talisman Drive,Rodrick_Stark@example.com
787,Ambatondrazaka,6669 Onsgard Plaza,Carlie.Little@example.org
788,El Cantn de San Pablo,8993 Mayfield Park,Jeramy_Dickens59@example.org
789,Niederwaldkirchen,1932 Melrose Road,Francisca.DuBuque@example.net
790,Myrzakent,02146 Anthes Plaza,Aurelia_Welch33@example.net
791,Calinog,67 Butternut Trail,Anabel5@example.net
792,Princeville,7472 Hauk Terrace,Retha49@example.org
793,Binjiang,8 Grayhawk Way,Germaine.Bogan87@example.com
794,Saumur,4413 Sage Hill,Joelle.Lemke53@example.com
795,Laimuda,497 Kensington Drive,Astrid42@example.org
796,Avarua,42 Ryan Street,River_Lebsack@example.org
797,Klaeng,80 Loeprich Court,Jaida_Boyle57@example.net
798,Chixi,1 Hoard Avenue,Dianna.Schumm33@example.org
799,Chinchaypujio,1650 Hagan Terrace,Oran9@example.com
800,Yuandun,3 West Avenue,Gilda.Feest@example.net
801,Ann,491 Northwestern Terrace,Ted.Nitzsche-Grant@example.org
802,Llipa,463 Cambridge Terrace,Russ.Simonis-Hamill17@example.org
803,Daoqiao,08 Mockingbird Point,Rudolph_Kunde@example.com
804,Dukhovnitskoye,4610 Springview Crossing,Uriah_Toy@example.org
805,Tofol,88 Nova Avenue,Marquis_Kling33@example.net
806, ,0 Farmco Drive,Bernie.Marvin9@example.net
807,Xidajie,63937 Eagan Center,Dedrick.Zboncak80@example.org
808,Shuangqiao,1 2nd Trail,Eula.Predovic@example.com
809,Huabeitun,13720 Brown Terrace,Roderick29@example.net
810,Hema,41 Manitowish Street,Ken90@example.com
811,Butubut Norte,604 Clemons Point,Donnell_Dare@example.com
812,Konobeyevo,6853 Lakeland Street,Sam.Johnston35@example.org
813,Hidalgo,83 Talmadge Hill,Catherine_Breitenberg@example.org
814,Goroka,9307 Miller Alley,Stephon86@example.net
815,Nueva Guinea,4 Hagan Drive,Gerardo_Gusikowski@example.net
816,Al Hocema,9819 Knutson Road,Drew_Grimes-Purdy39@example.org
817,Pariaman,45 Carey Point,Deshawn_Wiegand32@example.com
818,Stod,32222 Stuart Point,Daisha33@example.com
819,Khanino,6 Steensland Junction,Marianna_McClure@example.net
820,Solna,963 Acker Avenue,Eloy_Nader82@example.org
821,La Libertad,1 Main Alley,Syble_Lang47@example.net
822,Meica,913 Service Park,Carley_Nader@example.net
823,Paris 18,103 Redwing Court,Graham59@example.org
824,Loei,820 Grasskamp Circle,Ellis.Langosh27@example.com
825,Jiangning,618 Raven Alley,Lou_Abernathy@example.net
826,Svenljunga,918 Marcy Court,Harmon_Batz23@example.net
827,Briteiros Santa Leocdia,18 Summerview Road,Percival3@example.net
828,Lule,1 Continental Street,Leslie_Blick@example.com
829,Romorantin-Lanthenay,84 Vernon Place,Alexzander.Corkery41@example.com
830,Th Trn Ngc Lc,8627 Fulton Avenue,Macey85@example.net
831,Pleven,37 Florence Terrace,Marlon8@example.org
832,Porto Alto,07 Ronald Regan Alley,Nicolas84@example.net
833,Vrbice,01 Goodland Lane,Roderick20@example.org
834,Pueblo Nuevo Vias,63879 Westerfield Circle,Buddy_Haag@example.org
835,Santiago Vzquez,7783 Kim Lane,Rasheed75@example.net
836,Datong,27051 Troy Trail,Ransom72@example.net
837,Ipu,42 Dryden Trail,Zack53@example.org
838,Hampang,1539 Basil Lane,Vivienne_Hodkiewicz34@example.org
839,Rongcheng,75496 Service Hill,Carlee_Schultz@example.net
840,Longbo,2273 Pierstorff Road,Daren_Lang77@example.net
841,Quinjalca,12930 Hanover Drive,Sallie30@example.com
842,Alartos,8052 Briar Crest Place,Darius_Monahan73@example.org
843,Purbalingga,2069 Rockefeller Point,Aisha_Reichel@example.com
844,Lvingston,7 Gerald Alley,Sister_Bergnaum69@example.net
845,Guayat,73 Packers Circle,Kariane_Farrell59@example.com
846,Xiacang,92 Monument Crossing,Tad.Rogahn@example.net
847,Selkirk,9 Mayer Crossing,Kamille.Rice@example.org
848,Kalmar,285 Brown Plaza,Dwight20@example.com
849,Kelaniya,67 Scoville Point,Fritz.Stehr@example.net
850,El Zapotal del Norte,67 Spohn Street,Warren_Hintz1@example.net
851,Kirkuk,002 Loomis Court,Herminio_Lemke81@example.com
852,Lae,75355 Gerald Hill,Ferne29@example.com
853,Cigedang,8 Service Parkway,Otto.Cummerata49@example.org
854,Putat Lor,69777 Coleman Terrace,Manuel.Nitzsche88@example.net
855,Poponcol,6380 Dovetail Drive,Darby91@example.com
856,Sabandia,81303 Golden Leaf Hill,Greyson_Yost60@example.net
857,Babakan,780 Fulton Drive,Malvina_Denesik88@example.com
858,Bengga,44 Ruskin Lane,Adelbert_Brekke@example.org
859,Andou,6 Lawn Trail,Morris.Cole22@example.org
860,Pandean,06 Vahlen Junction,Rosalia46@example.net
861,Middleton,15 Twin Pines Street,Loren2@example.com
862,Dobra,3298 Raven Drive,Amparo.Bartoletti68@example.com
863,Huifeng,60666 Eggendart Lane,Lysanne.Fisher75@example.org
864,Rudnya,55 Maywood Avenue,Hortense_Jenkins41@example.com
865,Jatisari,1994 Hollow Ridge Street,Luigi_Casper42@example.org
866,Chuqui Chuqui,841 Lerdahl Junction,Jeromy_Schoen1@example.org
867,Braslia de Minas,584 Birchwood Court,Alanis_Hoppe@example.net
868,Xintun,3 Tennessee Alley,Krystel_Kris@example.net
869,Alkmaar,46 Huxley Place,Marley_Grimes6@example.net
870,Agassiz,880 Haas Way,Chadrick.Rodriguez93@example.org
871,Joliet,5 Scott Drive,Yvette_Metz22@example.net
872,Sheffield,356 Stuart Alley,Laila24@example.org
873,Bng Lng,5074 Fuller Road,Cloyd.Torphy89@example.com
874,Al Khrijah,50122 Ryan Crossing,Petra86@example.net
875,Umm Ruwaba,1020 Mifflin Junction,Golda_Farrell@example.net
876,Zhangzhishan,51910 Florence Circle,Adele_Reichert@example.net
877,Santa Rita,45535 Cardinal Crossing,Bobbie14@example.org
878,Rauma,27588 Iowa Point,Layla_Hane@example.net
879,San Gabriel,09092 Linden Way,Kiara_Bashirian@example.net
880,Guogan,30 David Place,Dagmar92@example.com
881,Yoro,5283 Washington Crossing,Clifford64@example.net
882,Landim,94 Iowa Circle,Torrey49@example.com
883,Hualmay,08 Maple Wood Way,Wellington.VonRueden50@example.org
884,Kal,5 Randy Way,Alisha.Hilpert53@example.net
885,Sapphaya,303 Nobel Place,Durward.Ankunding@example.org
886,Grootfontein,3036 Moose Crossing,Haleigh_Wunsch@example.org
887,Bemen,9530 Harper Drive,Caroline_Gleichner@example.com
888,Besanon,6 Johnson Way,Kristofer_Prosacco14@example.net
889,rebro,6953 Corry Drive,Beau_Carter@example.net
890,Noyemberyan,5 Annamark Way,Arnaldo_Cassin@example.net
891,Alvalade,1919 Meadow Ridge Trail,Kenya_Wilderman29@example.org
892,Betong,12028 1st Park,Misty72@example.net
893,Union,4 Kings Terrace,Jesus.Reynolds8@example.org
894,Puan Selatan,10267 Transport Plaza,Lauretta67@example.net
895,Ambon,2314 Kenwood Road,Gerardo.Reichel8@example.org
896,Bellavista,64 Hallows Crossing,Bell_Wunsch78@example.com
897,Ejidal,3842 Troy Parkway,Tyra.Weissnat@example.org
898,Velika,98 Spohn Pass,Donald.Feeney99@example.org
899,Charagua,79345 Bashford Park,Olin3@example.net
900,Had Kourt,92 Manley Avenue,Hailey27@example.com
901,Le Mans,449 Ridgeway Way,Finn26@example.org
902,Mayanhe,4 Riverside Parkway,Halle_Grimes@example.org
903,Siao,00 Kingsford Drive,Danny.Nolan10@example.org
904,Dzoraghbyur,891 Melrose Way,Lukas.Homenick@example.com
905,Zarechnyy,72 Emmet Road,Demond_Schiller3@example.net
906,Port-de-Bouc,291 Gateway Crossing,Fern.Gutmann@example.net
907,Granja,7571 Crescent Oaks Street,Alejandra4@example.org
908,Acara,66 Mcbride Street,Santa_Bergstrom@example.org
909,Saga,757 Knutson Road,Kelsie54@example.com
910,Bordeaux,59387 Messerschmidt Way,Jamal84@example.org
911,Castillos,6 Mayer Road,Rachelle_Kerluke81@example.org
912,Pasirhaur,555 Dunning Parkway,Ron_Jakubowski96@example.net
913,Memria,2498 Packers Lane,Cameron.Hayes@example.org
914,Solna,0 Lukken Way,Jaren_Friesen46@example.com
915,Saint-Eustache,1667 Texas Pass,Loy86@example.org
916,Alor Setar,92482 Sundown Avenue,Jo20@example.org
917,Marsada,1272 Briar Crest Avenue,Raymond.Reichel9@example.com
918,Panyam,17 Bonner Plaza,Kyra_Hamill66@example.com
919,Thepharak,90 Straubel Plaza,Vivian.Abshire@example.org
920,Xiaozhen,05564 Waxwing Junction,Sierra_Hyatt59@example.org
921,Gumawang,91 Aberg Hill,Anne_Graham78@example.com
922,Reno,12 Cardinal Hill,Yesenia60@example.com
923,Honglai,07152 Waubesa Court,Sally97@example.org
924,Lunel,0 Leroy Way,Justen.Prohaska@example.com
925,Lishu,5 Helena Trail,Otho_Simonis71@example.org
926,Tkrah,76 Northfield Point,Cassandra42@example.com
927,Semang,8083 Buena Vista Park,Ernestina95@example.org
928,Forquilhinha,96219 Corben Lane,Kelly.Rowe11@example.org
929,Jilong,32 Katie Lane,Viva18@example.org
930,Balung Barat,1036 Esch Terrace,Josue.Hermiston9@example.org
931,Vila Nova,566 Swallow Center,Adelle_Cartwright@example.org
932,Saue,7117 Hudson Terrace,Damian.Grimes17@example.net
933,Cilolohan,97 Londonderry Parkway,Nedra34@example.net
934,Hongkou,33598 Garrison Circle,Desmond75@example.com
935,Surkhet,9 Maryland Lane,Ines.Gerhold53@example.org
936,Saint Louis,7708 Thompson Alley,Alek_Ebert72@example.com
937,Vincennes,59 Valley Edge Point,Harvey.Leuschke@example.net
938,Kolomak,8958 Green Ridge Avenue,Vada_Tremblay67@example.net
939,Quilman,8 Arapahoe Court,Gennaro_Shanahan81@example.com
940,Orizari,2550 Clove Plaza,Kassandra_Lueilwitz58@example.org
941,Nizhniy Tsasuchey,297 Bashford Alley,Lucious41@example.net
942,Krajan Bejagung,462 Transport Point,Lew.Sawayn14@example.com
943,Mali,2388 Mallard Parkway,Consuelo.Ratke83@example.net
944,Ben Beraq,33 Morning Lane,Elinore_Prosacco@example.com
945,Bogoria,91433 Mandrake Lane,Kraig_Davis@example.org
946,Mamponteng,38138 Hansons Drive,Devante_Kilback70@example.com
947,Azogues,20 Pleasure Park,Mara77@example.net
948,Ziroudani,3669 Iowa Hill,Imani25@example.net
949,Chaodi,58 Waubesa Way,Mathew.Hagenes-Keeling11@example.com
950,Mutis,37 High Crossing Drive,Gwen_Halvorson@example.org
951,Talisay,77135 Scott Crossing,Destin.Pagac@example.net
952,Mozi,01016 Butternut Street,Andy_Bogisich35@example.net
953,Sidowayah Lor,60 Judy Street,Austen_Hilpert@example.net
954,Pakis,89 Utah Pass,Kelton48@example.org
955,Sypniewo,7 American Ash Center,Johnny93@example.net
956,Jadranovo,758 Arapahoe Court,Mikayla.Wunsch-Hessel0@example.net
957,Prostedn Beva,246 Vernon Road,Vance_VonRueden67@example.net
958,Sundbyberg,1201 Stang Avenue,Emiliano40@example.com
959,Beltinci,056 Leroy Terrace,Betsy71@example.net
960,Itabaiana,004 Grim Point,Josefina.Simonis@example.org
961,Columbus,31621 Elmside Trail,Daren18@example.net
962,Zhengguo,47316 Maple Plaza,Pascale.Pfeffer@example.org
963,Shixian,57 Waxwing Point,Daniella_Mayer21@example.org
964,Tantou,90837 Blackbird Trail,Leonard28@example.org
965,Stockholm,0 Express Way,Camylle.Ortiz@example.com
966,Liushutun,0260 Farmco Point,Phoebe_McDermott@example.org
967,Sandnes,6097 Mitchell Avenue,Cortney.Schulist20@example.net
968,Xialiao,70229 Hanson Court,Sheridan.Collins-Armstrong18@example.org
969,Kawangohari,1808 Luster Center,Chanel.White40@example.com
970,Kalianyar Selatan,56498 Gulseth Trail,Arlie.Graham60@example.org
971,Gandra,61 Melody Lane,Ana.Boyer@example.com
972,Sritanjung,6160 Hanson Avenue,Rory25@example.org
973,Sidareja,9 David Plaza,Ruthe.Barton@example.com
974,Prado,06612 Memorial Junction,Marty89@example.net
975,Maip,52615 Scofield Hill,Lawson.Pacocha47@example.com
976,Boulder,2676 Ramsey Lane,Ernest.Mohr93@example.com
977,Alderetes,0 Kedzie Road,Kaycee_DAmore@example.org
978,Matahuasi,58344 Muir Point,Theresia28@example.net
979,Zamoskvorechye,09 Cordelia Hill,Doris_Hagenes92@example.org
980,Maluso,0617 Artisan Parkway,Tomasa38@example.net
981,Atawutung,4731 Westridge Pass,Ole_Jacobson@example.net
982,Youfang,3 Coleman Road,Destin_Kreiger@example.net
983,Brescia,3 Corry Park,Berta_Zboncak@example.com
984,Kedungasem,018 Crest Line Place,Tito.Schiller53@example.org
985,Honghualiangzi,22001 Claremont Crossing,Kyla.Hand24@example.org
986,Jinpanling,623 Bluestem Terrace,Josue_Schultz@example.org
987,Oslo,72 Fordem Lane,Donato34@example.org
988,Opono,787 Beilfuss Alley,Abdiel_Bradtke@example.com
989,Cortiis,99 Mockingbird Pass,Earline.Feeney@example.com
990,Pao,2 Blackbird Pass,Watson_Rogahn@example.com
991,Fanrong,8 Mayer Drive,Ewell72@example.org
992,Shunling,17335 Oak Valley Lane,Athena.Klocko@example.org
993,Qelz,0244 Arrowood Lane,Peter85@example.org
994,Omi,59 Dovetail Alley,Brett.Erdman@example.net
995,Balud,58 Hanover Drive,Sharon.Douglas42@example.com
996,Mananjary,264 Duke Court,Tristin_Corwin@example.org
997,Alfeizero,37 Manitowish Circle,Amely.Kulas@example.com
998,Wucun,49 Schiller Road,Maeve.Raynor-Pfannerstill37@example.org
999,Rozsypne,94795 Shopko Park,Bonnie_Rodriguez@example.net
1000,Nanganga,9418 Forest Point,Scarlett74@example.com